District_Area(km2),Cholera Cases,District,Distance From Main Road,Estimated Number of Poor Persons,Female Population,ID,Male population,Pop Density per district,Pop Total,Region,Time To Access Urban Centre,Water Scarcity,Distance to water body,Gdppersqkm,Flood Frequency Rates,Men Literacy Levels,Women Literacy Levels,Water Coverage,perc poor persons,perc water coverage,perc men lit ,perc women lit
47.5751,,Ledzokuku / Krowor,0,9336,118747,306,109185,4790.993608,227932,Greater Accra,0,0.57776314,7935,48,0.001270136,0.906557216,0.861801288,0.99094917,4,95,91,86
1374.7382,100,Chereponi,3626,18455,27188,817,26206,38.839395,53394,Northern,96,2.195454851,2863,1378,0.00071696,0.312065971,0.205077513,0.603177635,35,58,31,21
4226.9602,149,Sawla/Tuna/Kalba,10565,61780,51594,802,48269,23.625252,99863,Northern,130,2.157309327,3164,4224,2.98E-05,0.621513925,0.438231707,0.743102333,62,72,62,44
1105.9086,173,Biakoye,4216,20651,32844,412,33057,59.589915,65901,Volta,96,1.127151778,1825,1109,4.547544913,0.79478628,0.554559647,0.834221001,31,80,79,55
7555.0009,142,Gonja Central,8809,52879,44017,804,43860,11.631633,87877,Northern,147,2.128219828,4098,7559,0.017590183,0.335428977,0.198113829,0.484955303,60,47,34,20
3220.7105,135,Pru,6224,54818,63416,720,65832,40.130276,129248,Brong Ahafo,118,1.164896749,3288,3223,0.409605309,0.424996438,0.251831025,0.431996759,42,42,42,25
2022.6315,127,Savelugu Nanton,3832,44549,71752,813,67531,68.862272,139283,Northern,49,3.136860238,3122,2025,0.004166667,0.419420577,0.225898679,0.894922668,32,86,42,23
3119.2974,96,Karaga,6672,24863,40370,814,37336,24.911379,77706,Northern,75,3.157783831,2904,3124,0.000680565,0.322476002,0.182578872,0.713434538,32,69,32,18
8340.1757,135,East Gonja,9392,112130,65729,805,69721,16.240665,135450,Northern,147,2.162625043,3403,8351,0.391056453,0.386567835,0.237342235,0.732818374,83,71,39,24
358.2528,164,South Dayi,2607,12686,24529,409,22132,130.246016,46661,Volta,84,1.1267941,2012,359,4.924410652,0.810234816,0.631020721,0.839543555,27,81,81,63
4297.1101,167,Wa East,7162,59577,35678,1003,36396,16.772668,72074,Upper West,129,2.253019163,2592,4296,2.59E-05,0.449769284,0.358656445,0.918191496,83,88,45,36
1751.1592,89,Saboba,3501,25757,33386,816,32320,37.521432,65706,Northern,87,1.696398203,2899,1755,0.000224841,0.280534701,0.138197311,0.869968917,39,84,28,14
2674.0833,106,Gushiegu,4814,39328,57073,815,54186,41.606408,111259,Northern,64,2.249008469,3065,2679,1.37E-05,0.34432736,0.202830285,0.824051135,35,79,34,20
5092.8408,112,Sissala East,7110,26399,29025,1004,27503,11.099503,56528,Upper West,152,2.551876673,2938,5092,1.89E-05,0.384965388,0.398859543,0.974726691,47,94,38,40
2260.7849,95,Nanumba North,5792,44024,71587,808,69997,62.626038,141584,Northern,70,2.051994872,3057,2265,0.002239077,0.380123135,0.236591592,0.97567895,31,94,38,24
1789.1712,120,Nanumba South,4981,30569,46688,807,46776,52.238713,93464,Northern,47,1.884324052,3383,1793,0.001852703,0.361706747,0.237104195,0.940012408,33,91,36,24
1145.0379,128,Wenchi,2356,36307,45674,714,44065,78.372078,89739,Brong Ahafo,60,1.130150498,2945,1145,0,0.845271011,0.742384654,0.872881756,40,84,85,74
489.0231,207,Tano South,1377,29315,39830,706,38299,159.765459,78129,Brong Ahafo,69,1.131751884,4256,489,0,0.838301602,0.694148399,0.817148892,38,79,84,69
506.7123,182,Sunyani Municipal,2133,21524,61614,708,61610,243.183361,123224,Brong Ahafo,36,1.129680634,4270,506,0,0.900978736,0.763308007,0.924542363,17,89,90,76
1153.2683,221,Asante Akim South,1428,25398,59294,609,57951,101.663247,117245,Ashanti,71,0.616458323,2313,1154,0,0.777004728,0.580586003,0.855894997,22,82,78,58
289.7833,,Ada East,1798,4172,37659,310,34012,247.326192,71671,Greater Accra,54,0,2519,291,0.885356417,0.73258098,0.548023062,0.902607124,6,87,73,55
968.3617,247,Shai Osu Doku,2203,27547,26621,309,25292,53.609101,51913,Greater Accra,47,1.749410412,4947,971,0.001428702,0.784476525,0.55466675,0.779447552,53,75,78,55
323.7207,,Ada West,997,6387,30545,316,28579,182.638923,59124,Greater Accra,44,0,2977,325,0.798564372,0.708909975,0.529999595,0.793223425,11,76,71,53
622.1956,248,Ningo Prampram,1209,21379,37409,315,33514,113.98827,70923,Greater Accra,23,3.720098762,2541,624,0.002818674,0.722195093,0.591306573,0.848066558,30,82,72,59
767.0433,156,Kasena Nankana East,2661,25967,56268,903,53676,143.334803,109944,Upper East,55,3.114751582,2937,768,0.013331811,0.588779009,0.463691044,0.926694289,24,89,59,46
36.0329,,La Dade Kotopon,0,2348,96790,312,86738,5093.345248,183528,Greater Accra,0,0.57776314,13943,36,0.000122951,0.913722966,0.814802445,0.988624863,1,95,91,81
2610.3018,139,Aowin,4346,10263,56624,112,61262,45.161828,117886,Western,208,0.60107368,3369,2607,0,0.705481624,0.572735157,0.84850691,9,82,71,57
400.1403,100,Suaman,1915,1206,9883,120,10646,51.304505,20529,Western,161,0.973083087,4693,400,0,0.663754692,0.469211008,0.740739026,6,71,66,47
783.5686,93,Bia East,3458,6728,13020,122,14373,34.959288,27393,Western,136,1.657752508,3494,782,0,0.79005908,0.424557039,0.702560847,25,68,79,42
1287.2647,127,Bia West,5208,12569,43222,117,45717,69.091462,88939,Western,190,1.840981101,4417,1285,0,0.76097435,0.478174551,0.755904377,14,73,76,48
662.4044,103,Bodi,2550,22213,26203,121,27111,80.485576,53314,Western,146,0.587721642,3337,662,0,0.759593915,0.50156916,0.823419932,42,79,76,50
1369.9236,91,Juabeso,2569,8012,28693,116,29742,42.655663,58435,Western,180,0.884261946,3394,1368,0,0.776855092,0.505362445,0.769270322,14,74,78,51
193.6718,247,Shama,957,17521,43262,106,38704,423.22114,81966,Western,16,0.613385249,2305,194,0.004148871,0.86219134,0.814014479,0.984672231,21,95,86,81
1651.9923,219,Wassa East,2825,20383,40089,107,40984,49.075895,81073,Western,114,0.745119094,3085,1652,7.16E-06,0.738504907,0.641778188,0.856065183,25,83,74,64
524.5339,246,Mpohor,1421,16971,21437,118,21486,81.830745,42923,Western,52,0.624371148,2167,524,4.23E-05,0.752241847,0.593246054,0.929058512,40,90,75,59
1257.1375,141,Bunkpurugu Yonyo,2831,66444,62351,818,60240,97.515984,122591,Northern,50,2.254723922,2291,1260,1.39E-05,0.474424907,0.241308335,0.64029628,54,62,47,24
1448.5558,178,Wassa Amenfi West,2558,6207,44791,111,47361,63.616465,92152,Western,228,0.563937559,3075,1447,0,0.754537052,0.636385861,0.837048781,7,81,75,64
1845.9316,214,Wassa Amenfi Central,2356,35095,33148,119,35866,37.387084,69014,Western,198,0.56372095,3268,1845,0,0.723095584,0.617429869,0.790640587,51,76,72,62
300.6621,171,Mfantsiman,713,40489,79409,204,64923,480.047202,144332,Central,16,1.696302772,4347,301,0.00084496,0.723101654,0.70289863,0.967783427,28,93,72,70
276.6515,153,Ekumfi,278,24695,28129,219,24102,188.797097,52231,Central,19,0,3528,277,0.002139953,0.702719304,0.601945664,0.948706754,47,91,70,60
575.5032,213,Twifo Lower Denkyira,2752,10080,27761,218,27370,95.796166,55131,Central,68,1.423981119,4392,576,0,0.715287398,0.671904737,0.845323418,18,81,72,67
955.3981,167,Twifo Ati-Morkwa,2312,4666,31489,215,30254,64.625416,61743,Central,108,0.563917287,3191,956,0,0.750763707,0.593082952,0.91215143,8,88,75,59
108.0042,247,Awutu Senya East Municipal,939,21320,56225,220,52197,1003.868368,108422,Central,13,0.935011934,5184,108,0.001052488,0.835041425,0.749349872,0.973105398,20,94,84,75
70.887,224,La Nkwantanang Madina,124,3025,57655,313,54271,1578.935489,111926,Greater Accra,5,0.57776314,8037,71,8.33E-05,0.937623007,0.828616726,0.981977426,3,95,94,83
255.7469,133,Pusiga,1358,24699,30161,913,27516,225.52375,57677,Upper East,28,2.255531788,2477,256,0,0.483703843,0.356511163,0.690278655,43,67,48,36
1060.9134,122,Garu Tempane,4391,70087,67978,908,62025,122.538748,130003,Upper East,45,2.255502548,3914,1063,0,0.505563303,0.338469579,0.778647427,54,75,51,34
247.2372,95,Bawku Municipal,1369,40823,51037,909,47059,396.768771,98096,Upper East,19,2.255531788,2496,248,0,0.627234545,0.493360748,0.898827854,42,87,63,49
4845.5042,139,North Gonja,11047,23119,21955,821,21592,8.987094,43547,Northern,204,2.252407478,2751,4847,0.000246938,0.350546121,0.218353253,0.844146372,53,81,35,22
4715.852,182,West Gonja,9010,21234,20499,803,20681,8.73225,41180,Northern,175,2.011894408,3432,4715,3.48E-05,0.629879169,0.32532663,0.588772288,52,57,63,33
2714.1048,132,Mion,5406,35870,41163,824,40649,30.143272,81812,Northern,61,2.254368594,3056,2719,3.56E-05,0.34821319,0.167840868,0.918103989,44,88,35,17
1446.3742,89,Yendi Municipal,3632,37581,58860,810,58920,81.431209,117780,Northern,39,1.849081122,3213,1449,1.82E-05,0.588791009,0.393335008,0.985831095,32,95,59,39
1353.6555,137,Tolon,4883,30692,36630,812,36360,53.920661,72990,Northern,98,2.261631435,2764,1355,0.000927248,0.377639337,0.248263124,0.791826538,42,76,38,25
1541.0649,164,Kumbumgu,5396,12596,19655,822,19686,25.528451,39341,Northern,125,2.263626452,2785,1542,0.012398467,0.445328529,0.275360832,0.856353353,32,83,45,28
2610.4358,133,West Mamprusi,3432,36357,61551,820,59566,46.397234,121117,Northern,60,3.414403228,3318,2613,0.002901981,0.439883862,0.318459942,0.907323689,30,87,44,32
2121.3132,108,Mamprugu Moagduri,5753,32163,23455,826,23439,22.106118,46894,Northern,137,2.252204982,3110,2122,0.001850806,0.330914902,0.192345396,0.922495495,69,89,33,19
1100.1338,101,Zabzugu,4771,22646,32509,809,31306,58.006581,63815,Northern,65,1.689501191,3609,1103,0,0.279207788,0.183233277,0.983406647,35,95,28,18
1706.7612,171,Mamprusi East,4459,53208,61556,819,59453,70.899784,121009,Northern,85,3.143737304,2446,1710,0,0.467665732,0.30084035,0.724297831,44,70,47,30
1090.4644,109,Tatale,8384,25485,30260,825,29779,55.058194,60039,Northern,78,1.689867448,3978,1093,1.35E-06,0.25122596,0.158319272,0.864153599,42,83,25,16
4392.3874,179,Sene East,17978,17683,28865,727,32211,13.904967,61076,Brong Ahafo,307,1.245015553,2320,4401,1.825759333,0.489354217,0.253295476,0.485114345,29,47,49,25
3262.0991,208,Sene West,13865,26106,28471,719,29263,17.69842,57734,Brong Ahafo,200,1.189400478,3379,3267,0.367723639,0.573087006,0.327976744,0.686639587,45,66,57,33
936.3103,227,Asutifi North,2279,18250,25498,703,26761,55.813762,52259,Brong Ahafo,93,1.064033011,4653,935,2.52E-05,0.854806014,0.69227165,0.855145659,35,82,85,69
593.6603,146,Ahafo Ano North,3101,43070,46329,617,47956,158.819783,94285,Ashanti,78,0.631559312,3324,593,0,0.798368703,0.649035005,0.741169735,46,71,80,65
597.244,202,Asutifi South,2770,10742,25299,723,28285,89.718775,53584,Brong Ahafo,78,0.653088607,3192,597,0,0.794073849,0.575109861,0.840523913,20,81,79,58
649.0714,143,Techiman Municipal,1762,20576,76056,715,71732,227.691437,147788,Brong Ahafo,26,1.131407876,3367,649,0,0.828351122,0.672731391,0.904408859,14,87,83,67
389.4094,147,Techiman North,1643,9216,30302,725,28766,151.686117,59068,Brong Ahafo,32,1.130721795,2893,389,0,0.823612682,0.694959519,0.830536257,16,80,82,69
85.6604,224,Ga East,247,6881,74755,303,72987,1724.740954,147742,Greater Accra,1,0.57776314,4809,86,0,0.949208633,0.836814546,0.992336995,5,96,95,84
139.6743,,Accra Metropolis,0,40791,864151,304,800935,11921.20526,1665086,Greater Accra,0,0.57776314,9736,140,0.000296359,0.903814606,0.761895764,1.000184179,2,96,90,76
1071.1552,225,Bawku West,8948,63315,48920,907,45114,87.787465,94034,Upper East,86,2.255526572,3131,1073,4.09E-06,0.530896564,0.352478654,0.879476404,67,85,53,35
341.8381,248,Ga South,894,61347,248085,301,237558,1420.681311,485643,Greater Accra,14,0.57776314,3067,342,0.248802939,0.819058008,0.690028041,0.965102122,13,93,82,69
299.5778,226,Ga West,282,19230,112046,302,107742,733.65917,219788,Greater Accra,9,0.57776314,2559,300,0,0.893129533,0.75241963,0.975238707,9,94,89,75
2298.3457,103,Banda,9066,15735,10004,726,10388,8.872469,20392,Brong Ahafo,211,1.611578304,4642,2297,1.266639798,0.74544315,0.477136887,0.889439555,77,86,75,48
1031.27,79,Jaman North,2877,15413,43170,712,39889,80.540499,83059,Brong Ahafo,102,1.683764482,5743,1030,0,0.796690133,0.424409991,0.964507024,19,93,80,42
1829.8496,104,Tain,3219,33362,44502,713,43492,48.088105,87994,Brong Ahafo,92,1.132771494,4644,1828,0,0.800793635,0.540714159,0.931199348,38,90,80,54
576.5771,190,Sekyere Afram Plains,2075,18638,34421,624,30981,113.431491,65402,Ashanti,87,0.624365032,4131,577,0,0.840491087,0.70781363,0.865433913,28,83,84,71
3525.0702,204,Sekyere Afram Plains North,7803,16763,13351,630,15184,8.094874,28535,Ashanti,196,0.891004911,4311,3529,2.88E-05,0.743779518,0.557548049,0.817533253,59,79,74,56
1125.6914,215,Asante Akim North,3775,17961,35455,629,33731,61.460894,69186,Ashanti,95,0.621931325,3084,1127,0.004623907,0.819748068,0.694463298,0.875340363,26,84,82,69
300.238,214,Asante Akim Central Municipal,1221,8089,37566,610,33942,238.171051,71508,Ashanti,42,0.622817957,1892,300,0,0.852279104,0.757853118,0.919738939,11,89,85,76
48.9972,252,Ga Central Municipal,659,11624,21969,311,20985,876.66234,42954,Greater Accra,2,0.57776314,3609,49,0.092822678,0.94197444,0.801859824,0.998837167,27,96,94,80
570.0863,129,Dormaa East,1759,17693,26901,705,23970,89.233858,50871,Brong Ahafo,45,1.127850413,3237,569,0,0.856595902,0.619597362,0.92926928,35,90,86,62
928.3569,189,Krachi West,4790,20083,24047,416,25370,53.230606,49417,Volta,79,1.439132721,2806,930,3.800969891,0.650034914,0.393584189,0.824143304,41,79,65,39
1194.9004,173,Krachi Nchumuru,3955,37855,36039,425,36649,60.831848,72688,Volta,117,2.102015218,3699,1197,0.873728356,0.499686899,0.302876186,0.807786255,52,78,50,30
315.6521,136,Agotime Ziope,1669,22324,17668,407,16788,109.158152,34456,Volta,63,0.566477902,2861,317,0,0.674153721,0.508899563,0.895410771,65,86,67,51
800.822,144,Adaklu,2681,24883,15438,421,14510,37.396575,29948,Volta,71,0.805194858,2076,803,2.40E-05,0.79418963,0.561861345,0.982564173,83,95,79,56
535.9864,,Akatsi South,2125,10257,51387,405,44039,178.038099,95426,Volta,33,0.578838041,2395,538,0.004232761,0.775550726,0.622435843,0.975816567,11,94,78,62
314.1498,173,Akatsi North,3578,7835,17909,420,15126,105.156839,33035,Volta,65,0.565655291,2470,315,0,0.704626105,0.590792132,0.905331772,24,87,70,59
573.7836,128,Ho Municipal,1344,37613,93462,408,83819,308.968399,177281,Volta,34,0.675754711,3081,575,7.71E-06,0.848828264,0.723733734,0.961480667,21,93,85,72
684.1711,172,Hohoe Municipal,1529,51976,87049,411,79967,244.114374,167016,Volta,39,0.68129408,2332,686,0,0.871900732,0.777634676,0.94946535,31,92,87,78
1002.7894,166,Ho West,3340,37054,49239,422,45361,94.336857,94600,Volta,77,1.088146857,2518,1005,1.32E-05,0.84250135,0.723946817,0.891429196,39,86,84,72
553.0252,147,Afadzato South,1381,34734,48758,423,46272,171.836654,95030,Volta,42,0.967363324,2788,554,0.070251173,0.875364021,0.752204862,0.923358288,37,89,88,75
863.2498,79,Berekum,2478,35199,69759,710,59869,150.162792,129628,Brong Ahafo,38,1.135338373,3066,862,0,0.901178484,0.756542028,0.975023439,27,94,90,76
462.7711,124,North Dayi,3804,16052,21264,424,18649,86.247823,39913,Volta,90,1.1267941,1150,464,7.299069591,0.848197023,0.750842024,0.896579476,40,86,85,75
314.0743,137,Kpando Municipal,2036,17113,27832,410,25904,171.093273,53736,Volta,72,1.126884074,1712,315,3.591502167,0.871080417,0.76287508,0.957728096,32,92,87,76
1131.6425,192,North Tongu,4458,45899,47285,419,42492,79.333358,89777,Volta,81,1.179037912,3225,1134,0.031120717,0.790581615,0.53168259,0.79431911,51,77,79,53
682.2245,,Central Tongu,2245,19651,31621,406,27790,87.084237,59411,Volta,74,0.733819776,2457,684,0.000956959,0.787994177,0.507189811,0.928946043,33,90,79,51
174.9719,216,Nsawam Adoagyiri,692,4963,43267,505,42733,491.507493,86000,Eastern,10,0.57776314,3127,175,0,0.881095187,0.757148565,0.969850265,6,93,88,76
224.1274,224,Akwapem South,683,6101,19327,523,18174,167.320015,37501,Eastern,18,0.57776314,3041,225,0,0.81742662,0.642559062,0.866912271,16,84,82,64
436.2501,244,Denkyembour,1310,3559,40027,525,38814,180.724314,78841,Eastern,55,0.56710363,2169,437,0,0.816598558,0.748156553,0.943471299,5,91,82,75
803.4786,227,Kwaebibirem,1393,18457,57975,514,55746,141.535817,113721,Eastern,81,0.566955864,2779,804,0,0.801512251,0.653934985,0.925231071,16,89,80,65
3094.9554,175,Kwahu Afram Plains South,6921,67555,53362,526,62450,37.419602,115812,Eastern,188,0.641327442,3523,3100,1.729270919,0.686037336,0.505604703,0.569573244,58,55,69,51
2341.2847,142,Kwahu Afram Plains North,8287,31920,48240,521,54183,43.746495,102423,Eastern,232,1.03284555,1333,2346,6.32225076,0.55127398,0.403939297,0.417596197,31,40,55,40
755.3729,79,Jaman South,2793,18607,49190,711,43459,122.653328,92649,Brong Ahafo,66,1.143310214,4070,754,0,0.843340248,0.554415488,0.915690889,20,88,84,55
358.9866,214,Suhum Municipal,874,5762,46396,504,43962,251.702988,90358,Eastern,19,0.572547846,4270,360,0,0.81617693,0.639503932,0.839130118,6,81,82,64
498.999,222,Ayensuano,1463,23466,38753,524,38440,154.695701,77193,Eastern,29,0.576600133,4085,500,0,0.758023317,0.588946327,0.753852109,30,73,76,59
508.313,236,East Akim,798,17493,86129,513,81767,330.300425,167896,Eastern,22,0.566101762,2141,509,0,0.872778905,0.752779361,0.937918929,10,90,87,75
342.2992,234,Upper West Akim,953,21975,44212,522,42839,254.312601,87051,Eastern,24,0.574441315,3173,343,0,0.726438764,0.6232189,0.832063571,25,80,73,62
475.0264,247,West Akim,1462,11759,56090,503,52208,227.983118,108298,Eastern,37,0.567569593,4646,476,1.24E-05,0.776190855,0.698854197,0.888484583,11,86,78,70
1210.2753,79,Dormaa Municipal,3252,12492,58522,704,53589,92.632643,112111,Brong Ahafo,76,1.132317008,4264,1209,0,0.838170769,0.625897518,0.901530691,11,87,84,63
381.0036,89,Dormaa West,1410,4639,22997,724,24681,125.137925,47678,Brong Ahafo,86,1.254832218,2735,380,0,0.841246918,0.441534037,0.830565583,10,80,84,44
1132.0207,107,Nadowli-Kaleo,1388,41629,32808,1005,28753,54.381514,61561,Upper West,42,2.25229443,3281,1131,0.000126504,0.444204494,0.291974803,0.957799632,68,92,44,29
1456.1693,161,Daffiama Bussie,4728,23698,16856,1010,15971,22.543395,32827,Upper West,89,2.329385755,2825,1455,3.61E-05,0.417826558,0.324888994,0.975346458,72,94,42,32
527.3726,97,Lawra,2054,39519,28543,1009,26346,104.080113,54889,Upper West,51,2.254498005,2279,527,0.000384743,0.452319975,0.266181811,0.8601525,72,83,45,27
579.8588,103,Wa Municipal,1360,36253,54218,1002,52996,184.896737,107214,Upper West,22,2.252869743,3278,579,2.52E-06,0.850863447,0.680133546,0.986204276,34,95,85,68
1059.3292,137,Sunyani West,1776,24957,43884,709,41388,80.496223,85272,Brong Ahafo,38,1.129711501,3601,1059,0,0.890898689,0.724437086,0.960595257,29,93,89,72
404.614,95,Nandom,2560,33046,23745,1011,22295,113.787462,46040,Upper West,67,2.254498005,5260,404,7.95E-05,0.464577789,0.285252359,0.929286575,72,90,46,29
838.3853,202,Talensi,7494,45561,40363,905,40831,96.845687,81194,Upper East,65,2.255518913,3454,839,3.14E-05,0.621336347,0.370540273,0.960604347,56,93,62,37
244.9439,251,Nabdam,3557,21156,16955,911,16871,138.096928,33826,Upper East,50,2.255518913,2803,245,0,0.633293387,0.420933524,0.970811391,63,94,63,42
1241.3953,102,Builsa South,5465,30730,18414,910,18100,29.413677,36514,Upper East,84,3.215606421,3262,1242,0.000247175,0.364228448,0.223718444,0.913230882,84,88,36,22
816.4403,108,Builsa North,4083,30485,28685,901,27792,69.174684,56477,Upper East,52,3.379938602,3380,817,0.024930278,0.457071049,0.26103567,0.97496331,54,94,46,26
391.9084,115,Binduri,5919,26360,32211,912,29807,158.246162,62018,Upper East,44,2.255531788,1991,393,0,0.526396429,0.369976252,0.794385244,43,77,53,37
23.9149,187,Asokore Mampong Municipal,0,9663,159036,628,145779,12745.81955,304815,Ashanti,0,0.821193635,8131,24,0,0.939245001,0.847550995,0.996625944,3,96,94,85
214.2778,195,Kma,37,88935,903770,614,826479,8074.793562,1730249,Ashanti,0,0.821193635,6905,214,0,0.946793097,0.878450297,1.003965939,5,97,95,88
582.4509,193,Ejisu Juaben,837,29520,75114,611,68648,246.822522,143762,Ashanti,24,0.650420171,3731,583,0,0.871986162,0.765834085,0.927453327,21,89,87,77
1557.9535,211,Wassa Amenfi East,2105,21696,40582,110,42896,53.58183,83478,Western,137,0.563778654,3140,1557,0,0.720570087,0.590688209,0.782050554,26,75,72,59
1411.9663,150,Asunafo North,2590,14739,61831,702,62854,88.305932,124685,Brong Ahafo,120,1.126856446,5237,1410,0,0.809898091,0.472142166,0.754450548,12,73,81,47
87.8069,,Tema Metropolis,258,24665,152815,308,139958,3334.282386,292773,Greater Accra,0,0.57776314,3681,88,0.001602564,0.934917215,0.848624257,0.990814935,8,95,93,85
18.5456,,Ashaiman,0,8250,97245,307,93727,10297.42904,190972,Greater Accra,0,0.57776314,6472,19,0,0.986798611,0.898201518,1.037650932,4,100,99,90
239.859,238,Kpone Katamanso,408,3692,56488,314,53376,458.035763,109864,Greater Accra,8,0.729009296,6833,240,0.00051033,0.903783208,0.817158723,0.960411436,3,93,90,82
646.9018,112,Tamale North Sub Metro,1837,54091,112143,811,111109,345.109567,223252,Northern,24,2.284120321,3056,648,0,0.664786151,0.471665685,0.961339357,24,93,66,47
200.4191,163,Sagnerigu,930,42790,73213,823,74886,738.946538,148099,Northern,9,2.282173892,2543,201,0,0.747214564,0.562561546,0.976391921,29,94,75,56
77.942,224,Adenta,0,7706,38849,305,39366,1003.502605,78215,Greater Accra,1,0.57776314,10266,78,0,0.941881111,0.82161142,0.982358529,10,95,94,82
1386.6096,176,Nkoranza North,4777,20121,32632,717,33263,47.522388,65895,Brong Ahafo,78,1.130692772,3767,1387,0,0.798108719,0.582899759,0.84009765,31,81,80,58
1513.341,173,Kintampo South,3813,62893,38871,721,42129,53.523958,81000,Brong Ahafo,50,1.130774845,3879,1513,2.91E-06,0.779532968,0.647943885,0.708722821,78,68,78,65
837.4256,180,Tano North,2321,16411,40380,707,39593,95.498633,79973,Brong Ahafo,57,1.129680634,3562,837,0,0.85158272,0.719227091,0.901341311,21,87,85,72
423.7601,,Ketu North,792,23154,53362,404,46551,235.777271,99913,Volta,32,0.565655291,1688,425,0.004413201,0.752825157,0.591298803,0.927568622,23,89,75,59
278.3149,,Ketu South,1663,24118,85108,403,75648,577.60472,160756,Volta,13,0.565655291,5454,279,0.054309433,0.856459868,0.746166675,0.978476014,15,94,86,75
753.0838,,Keta Municipal,2053,21119,79062,402,68556,196.018026,147618,Volta,59,0.910330065,1387,755,4.010588862,0.753729922,0.64034678,0.91215424,14,88,75,64
689.9112,162,Kadjebi,1870,38909,29352,414,29951,85.957439,59303,Volta,66,1.132243273,4103,692,0,0.81305981,0.532108107,0.961205337,66,93,81,53
643.5756,,South Tongu,1228,21957,47931,401,40019,136.658382,87950,Volta,42,0.77261757,2762,645,0.021522738,0.792617252,0.50983495,0.873640397,25,84,79,51
1188.5692,124,Jirapa,2952,62364,46810,1006,41592,74.376822,88402,Upper West,59,2.316400635,3559,1187,5.78E-05,0.483917373,0.318256639,0.938678701,71,90,48,32
555.8104,194,Jasikan,1294,22959,30039,413,29142,106.476957,59181,Volta,53,0.669743245,2993,557,0,0.861039264,0.691885905,0.946568454,39,91,86,69
2759.4076,180,Krachi East,9755,58329,56074,415,60730,42.329375,116804,Volta,171,1.193972242,1955,2766,4.312973706,0.408836743,0.228519366,0.566968698,50,55,41,23
2733.0123,182,Nkwanta South,4225,36989,59396,417,58482,43.131163,117878,Volta,111,1.433518486,4180,2740,0.053771118,0.494918644,0.404864013,0.91815839,31,88,49,40
409.3583,232,Afigya Kwabre,773,5334,69790,619,66350,332.569292,136140,Ashanti,24,0.82410997,2884,409,0,0.847681714,0.741124042,0.869523267,4,84,85,74
251.5098,198,Atwima Kwanwoma,853,4373,46842,613,43792,360.359716,90634,Ashanti,16,0.821193635,4496,252,0,0.883813381,0.76539284,0.968399533,5,93,88,77
416.7864,236,Afigya Sekyere,910,23111,49318,621,44691,225.556784,94009,Ashanti,47,0.769209605,4158,417,0,0.82793422,0.695745905,0.778549729,25,75,83,70
239.122,181,Sekyere East,1419,10607,32661,623,29511,260.001171,62172,Ashanti,46,0.624365032,4540,239,0,0.792998537,0.618831136,0.83263399,17,80,79,62
1631.0521,236,Sekyere Central,4242,16119,36007,625,35225,43.672425,71232,Ashanti,133,0.893131355,2831,1632,1.44E-05,0.802034834,0.698365508,0.880200196,23,85,80,70
945.9115,218,Offinso North,3866,16415,28581,627,28300,60.133533,56881,Ashanti,78,1.133131855,3823,946,0,0.792688107,0.62786926,0.836360141,29,81,79,63
585.6586,239,Offinso Municipal,1508,30494,39827,618,37068,131.296629,76895,Ashanti,46,0.849730336,3076,586,0,0.835468688,0.749511236,0.783617123,40,76,84,75
220.6714,144,Obuasi Municipal,1068,8682,87626,605,81015,764.217746,168641,Ashanti,9,0.572480142,3419,221,0.000134084,0.888828833,0.775690724,0.986225206,5,95,89,78
122.9576,206,Kwabre,185,7016,60450,620,55106,939.80364,115556,Ashanti,10,0.799132568,6906,123,0,0.913340068,0.842825245,0.986647643,6,95,91,84
1340.1292,207,Ejura Sekye Dumase,4080,39451,42554,626,42892,63.759524,85446,Ashanti,98,1.130696056,2788,1341,0,0.812384713,0.701162696,0.905480547,46,87,81,70
579.1785,219,Atwima Nwabiagya,1085,19355,77077,615,71948,257.304095,149025,Ashanti,23,0.821193635,3544,579,0.002014242,0.882393273,0.787446545,0.964239181,13,93,88,79
1883.2143,217,Atwima Mponua,2098,15204,58090,601,61090,63.285416,119180,Ashanti,99,0.795762351,3294,1882,7.83E-07,0.757858814,0.450194438,0.82222249,13,79,76,45
1328.199,167,Adansi South,1879,24733,57339,604,58039,86.868007,115378,Ashanti,73,0.569100561,2944,1329,0,0.756866936,0.548438853,0.866740137,21,84,76,55
853.63,164,Adansi North,1467,19411,54036,606,53055,125.453651,107091,Ashanti,54,0.569578616,2588,854,0,0.799688108,0.538165653,0.891231868,18,86,80,54
568.7799,185,Bosome Freho,1607,22336,30644,608,29753,106.186945,60397,Ashanti,82,0.565400958,2616,569,4.67E-05,0.785016315,0.559924411,0.784775698,37,76,79,56
1190.7348,196,Ahafo Ano South,1753,16977,59914,616,61745,102.171365,121659,Ashanti,76,0.822126029,4281,1190,0,0.77742476,0.597488876,0.727273811,14,70,78,60
535.2486,181,Bekwai Municipal,1187,34380,62409,607,55615,220.503146,118024,Ashanti,27,0.729471906,5075,535,0,0.823121627,0.590777717,0.915113801,29,88,82,59
811.8688,86,Lambussie Karni,2865,36971,26702,1008,24952,63.623581,51654,Upper West,96,2.269459287,4530,811,1.80E-06,0.428503627,0.283471016,0.93323338,72,90,43,28
422.458,193,Bosomtwe /Atwima / Kwanwoma,899,5323,49117,612,44793,222.294287,93910,Ashanti,23,0.754407245,3704,423,1.177761485,0.858188273,0.731372935,0.89923082,6,87,86,73
670.1866,239,Mampong Municipal,2291,25417,45398,622,42653,131.382812,88051,Ashanti,95,0.885284759,2679,670,0,0.816197502,0.753125152,0.899674697,29,87,82,75
521.1648,161,Ajumako-Enyan-Esiam,844,15986,73628,205,64418,264.879746,138046,Central,33,1.608722799,3736,522,2.84E-06,0.742298031,0.617489238,0.921745212,12,89,74,62
458.4875,169,Gomoa West,637,29967,74772,206,60417,294.858638,135189,Central,25,0.452637756,4317,459,0.003271931,0.751197578,0.639201102,0.964886956,22,93,75,64
356.1636,178,Agona West,1073,4904,61199,211,54159,323.890482,115358,Central,34,0.56762594,3676,357,0,0.75660746,0.691177785,0.91556257,4,88,76,69
327.3094,225,Agona East,767,21549,44885,210,41035,262.503918,85920,Central,24,0.56762594,3703,328,0,0.759032781,0.698011701,0.928353261,25,89,76,70
1004.6006,187,Assin North,2810,38443,81087,214,80254,160.602134,161341,Central,52,0.564617465,3320,1005,0,0.72301822,0.577586183,0.934168246,24,90,72,58
1100.8965,205,Assin South,3903,24066,53308,213,50936,94.6901,104244,Central,68,1.296394889,4295,1102,0,0.707840316,0.636280585,0.875642629,23,84,71,64
772.4591,158,Asikuma / Odoben / Brakwa,2185,26685,58413,212,54293,145.90546,112706,Central,62,0.566637084,3607,773,0,0.728122141,0.629763453,0.861437208,24,83,73,63
85.1929,222,Effutu,539,7465,35802,207,32795,805.196208,68597,Central,9,0,3212,85,0.516539264,0.842327893,0.781431364,0.983158988,11,95,84,78
397.087,234,Bolgatanga Municipal,3200,36224,68767,904,62783,331.287602,131550,Upper East,24,2.255518913,1855,397,0,0.761420066,0.626477787,0.992480567,28,96,76,63
539.69,222,Gomoa East,1163,29415,108748,208,98323,383.685078,207071,Central,16,1.062872976,4071,540,0.000498193,0.797426581,0.71049732,0.976171318,14,94,80,71
376.6863,191,Abura / Asebu / Kwamankese,1131,31022,61910,203,55275,311.094404,117185,Central,27,1.696302772,3275,377,0.003199182,0.721389574,0.721854625,0.947748218,26,91,72,72
1495.4218,255,Jomoro,4814,44662,76546,101,73561,100.377699,150107,Western,145,0.555817466,3074,1494,0.117745319,0.691634412,0.428998608,0.839379774,30,81,69,43
995.8208,255,Ellembelle,4790,16957,45184,102,42317,87.868219,87501,Western,175,0.666230598,2791,995,0.000228785,0.758872146,0.444539697,0.88388778,19,85,76,44
1809.2113,198,Prestea / Huni Valley,2537,26950,78811,109,80493,88.051628,159304,Western,151,0.563707444,3433,1809,0.000128289,0.836956933,0.755144743,0.924118091,17,89,84,76
554.2309,255,Ahanta West,1018,19975,55216,104,50999,191.643952,106215,Western,35,0,2646,554,0.005192451,0.76911308,0.591648019,0.949829805,19,92,77,59
1083.9501,203,Nzema East,3418,19067,30881,103,29947,56.116974,60828,Western,184,0.665772817,3403,1083,0.000448987,0.740741789,0.491485321,0.925451549,31,89,74,49
905.2402,223,Tarkwa Nsuaem,2339,12535,43815,108,46662,99.948058,90477,Western,92,0.602936973,4047,905,2.29E-05,0.880991286,0.777215758,0.985340194,14,95,88,78
1120.0073,162,Sefwi Akontombra,2626,17531,38864,113,43603,73.63077,82467,Western,195,0.564824275,4594,1119,0,0.779045923,0.600742977,0.858779068,21,83,78,60
191.6652,,Sekondi Takoradi,785,68482,286112,105,273436,2919.403209,559548,Western,10,0.833321379,2990,192,0.038706683,0.897343329,0.81860891,0.986585869,12,95,90,82
414.7576,250,Bongo,4139,56622,44461,906,40084,203.841955,84545,Upper East,40,2.255518913,2520,415,0.005834507,0.541011464,0.429808097,0.951123277,67,92,54,43
611.8028,232,Akyem Mansa,1816,37433,49371,515,48003,159.159128,97374,Eastern,62,0.565407089,3393,612,0,0.758025504,0.584840924,0.892681876,38,86,76,58
795.7608,240,Kwahu South,1974,32714,36663,519,33094,87.660764,69757,Eastern,69,0.571163835,2590,797,1.403082624,0.759622353,0.731941993,0.783950501,47,76,76,73
525.1727,245,Birim Municipal,1483,32345,75565,502,69304,275.850211,144869,Eastern,28,0.567431966,3387,526,0,0.782520399,0.737547761,0.943218103,22,91,78,74
859.1112,243,Upper Manya,3704,31041,35592,511,36500,83.914632,72092,Eastern,80,0.565727275,2611,861,2.773064503,0.768662971,0.606786392,0.840174456,43,81,77,61
725.9941,242,Birim South,1994,32505,61786,501,57981,164.96966,119767,Eastern,38,0.566443977,3544,727,0,0.778827169,0.705273663,0.949492614,27,92,78,71
613.1448,230,Akwapem North,1055,25891,72455,506,64028,222.595054,136483,Eastern,24,0.575799594,3496,614,0,0.838102542,0.691135862,0.896226617,19,86,84,69
483.4166,246,Yilo Krobo,1502,13799,45469,508,42378,181.721108,87847,Eastern,28,0.734356568,3087,484,0,0.852768882,0.725998888,0.913150174,16,88,85,73
1165.2987,239,Atiwa,1979,29634,55951,517,54671,94.930167,110622,Eastern,78,0.566914609,3717,1167,0,0.809439401,0.689270404,0.935057535,27,90,81,69
159.7002,229,New Juaben Municipal,578,7936,95040,507,88687,1150.449405,183727,Eastern,10,0.565764308,2490,160,0,0.932973903,0.854564814,0.989500569,4,95,93,85
1098.757,240,Fanteakwa,2025,19257,54604,512,54010,98.851702,108614,Eastern,89,0.565647825,2779,1101,1.167715159,0.816872837,0.72617925,0.845013631,18,81,82,73
872.826,86,Kasena Nankana West,3634,9172,35920,902,34747,80.963445,70667,Upper East,74,3.259443819,2464,873,0.031932843,0.502402857,0.359348345,0.930250461,13,90,50,36
566.4806,224,Birim North,1264,11093,39335,516,39572,139.293384,78907,Eastern,66,0.566429625,2478,567,0.000179557,0.786176444,0.607311959,0.921713429,14,89,79,61
765.8766,231,Asuogyaman,2861,19100,51016,510,47030,128.018012,98046,Eastern,73,1.126963326,2455,768,4.613202207,0.803956911,0.646832162,0.860677895,19,83,80,65
623.3116,235,Kwahu East,1790,27970,39505,520,37620,123.734261,77125,Eastern,54,0.571968853,2934,624,9.45E-06,0.800078702,0.723511032,0.87498722,36,84,80,72
400.9004,231,Kwahu West,1390,16386,48709,518,44875,233.434539,93584,Eastern,30,0.569905481,3038,401,1.10E-05,0.837273223,0.755702177,0.965374776,18,93,84,76
833.7244,204,Sefwi Bibiani-Anhwiaso Bekwai,1230,13027,62417,115,60855,147.857014,123272,Western,137,0.564504802,3707,833,0,0.797900982,0.513226594,0.869337085,11,84,80,51
501.9369,145,Upper Denkyira East,2454,21878,37020,216,35790,145.058074,72810,Central,83,0.563709497,4493,502,0,0.763641385,0.578520917,0.86310253,30,83,76,58
849.6009,167,Amansie Central,2042,17727,45466,603,45275,106.804265,90741,Ashanti,68,0.572480142,3222,850,0,0.760665077,0.487148163,0.856021576,20,82,76,49
1230.9493,181,Amansie West,1032,12701,66846,602,67485,109.127971,134331,Ashanti,83,0.769040012,3680,1231,0,0.759123901,0.432889637,0.885636474,9,85,76,43
579.2135,213,Upper Denkyira West,972,1945,29861,217,30193,103.681976,60054,Central,97,0.567476451,3646,579,0,0.744434032,0.485094904,0.885381597,3,85,74,49
122.3809,,Cape Coast Metro,563,3580,87084,202,82810,1388.239505,169894,Central,7,1.696302772,3257,122,0.004973443,0.834964074,0.871564086,0.98842148,2,95,83,87
1492.0203,138,Wa West,2950,74297,41121,1001,40227,54.522046,81348,Upper West,59,2.252181133,3439,1490,5.01E-05,0.413706259,0.306580351,0.900546531,91,87,41,31
452.4771,252,Komenda Edna Eguafo / Abirem,901,25836,75040,201,69665,319.80624,144705,Central,23,1.437169147,4298,453,0.000444328,0.664933762,0.620357492,0.879700974,18,85,66,62
1011.5642,171,Sefwi-Wiawso,2498,25324,69447,114,69753,137.608666,139200,Western,135,0.581756341,3005,1011,0,0.823271118,0.56622728,0.876021274,18,84,82,57
923.6335,175,Asunafo South,2207,13140,46744,701,48836,103.482604,95580,Brong Ahafo,107,0.842571585,4667,923,0,0.773662241,0.442146052,0.80065184,14,77,77,44
922.6554,222,Nkoranza South,3890,36217,50858,716,50071,109.389703,100929,Brong Ahafo,66,1.133306805,3747,923,0,0.775521733,0.615374323,0.851750263,36,82,78,62
6169.1793,143,Bole,10433,47907,30571,801,31022,9.983986,61593,Northern,168,1.468068083,4446,6165,0.329247071,0.747573042,0.57146335,0.678248574,78,65,75,57
304.3499,249,Lower Manya,1519,12963,47776,509,41470,293.234859,89246,Eastern,36,0.948643368,4149,305,0.321221381,0.879893582,0.78457432,0.958361367,15,92,88,78
4887.8502,146,Kintampo North,11593,30082,48178,722,47302,19.53415,95480,Brong Ahafo,113,1.39996769,3515,4889,3.67E-05,0.715099244,0.599579184,0.633133924,32,61,72,60
2624.2883,176,Atebubu Amantin,4791,34703,52264,718,53674,40.368278,105938,Brong Ahafo,66,1.129014655,3393,2626,1.29E-05,0.733850436,0.463759758,0.855573558,33,82,73,46
1132.8708,129,Kpandai,3938,82712,53819,806,54997,96.053319,108816,Northern,84,2.005039813,5123,1135,0.097492993,0.467887937,0.240726889,0.869447657,76,84,47,24
1098.9331,152,Nkwanta North,6572,31854,32159,418,32394,58.741519,64553,Volta,64,1.689346396,3485,1102,0.026492837,0.24061859,0.201788219,0.654565858,49,63,24,20
,,Sissala West,,39790,25422,1007,24151,24.177622,,Upper West,,,,2049,2.85E-06,0.408012884,0.324202926,0.96265485,,93,41,32
,,Awutu Senya West,,28419,45981,209,40903,355.392593,,Central,,,,245,0,0.724673594,0.61930065,0.940369429,,91,72,62
